,Date,Local,Visitor,Links,GoalsLocal,GoalsVisitor
0,2018-08-17,Girona,Valladolid,https://fbref.com/en/matches/82b4ca95/Girona-Valladolid-August-17-2018-La-Liga,0,0
1,2018-08-17,Betis,Levante,https://fbref.com/en/matches/9fe3febe/Real-Betis-Levante-August-17-2018-La-Liga,0,3
2,2018-08-18,Celta Vigo,Espanyol,https://fbref.com/en/matches/a8d60ff6/Celta-Vigo-Espanyol-August-18-2018-La-Liga,1,1
3,2018-08-18,Villarreal,Real Sociedad,https://fbref.com/en/matches/aeeb77fc/Villarreal-Real-Sociedad-August-18-2018-La-Liga,1,2
4,2018-08-18,Barcelona,Alavés,https://fbref.com/en/matches/e95b2588/Barcelona-Alaves-August-18-2018-La-Liga,3,0
5,2018-08-19,Eibar,Huesca,https://fbref.com/en/matches/446f0d99/Eibar-Huesca-August-19-2018-La-Liga,1,2
6,2018-08-19,Rayo Vallecano,Sevilla,https://fbref.com/en/matches/d1aa3271/Rayo-Vallecano-Sevilla-August-19-2018-La-Liga,1,4
7,2018-08-19,Real Madrid,Getafe,https://fbref.com/en/matches/25f5e47e/Real-Madrid-Getafe-August-19-2018-La-Liga,2,0
8,2018-08-20,Valencia,Atlético Madrid,https://fbref.com/en/matches/1202acb1/Valencia-Atletico-Madrid-August-20-2018-La-Liga,1,1
9,2018-08-20,Athletic Bilbao,Leganés,https://fbref.com/en/matches/95ac7d44/Athletic-Bilbao-Leganes-August-20-2018-La-Liga,2,1
10,2018-08-24,Getafe,Eibar,https://fbref.com/en/matches/aed2b90b/Getafe-Eibar-August-24-2018-La-Liga,2,0
11,2018-08-24,Leganés,Real Sociedad,https://fbref.com/en/matches/75220ead/Leganes-Real-Sociedad-August-24-2018-La-Liga,2,2
12,2018-08-25,Alavés,Betis,https://fbref.com/en/matches/31b10b4c/Alaves-Real-Betis-August-25-2018-La-Liga,0,0
13,2018-08-25,Atlético Madrid,Rayo Vallecano,https://fbref.com/en/matches/9dafff66/Atletico-Madrid-Rayo-Vallecano-August-25-2018-La-Liga,1,0
14,2018-08-25,Valladolid,Barcelona,https://fbref.com/en/matches/262193b3/Valladolid-Barcelona-August-25-2018-La-Liga,0,1
15,2018-08-26,Espanyol,Valencia,https://fbref.com/en/matches/9c6a2f94/Espanyol-Valencia-August-26-2018-La-Liga,2,0
16,2018-08-26,Sevilla,Villarreal,https://fbref.com/en/matches/ec7274c0/Sevilla-Villarreal-August-26-2018-La-Liga,0,0
17,2018-08-26,Girona,Real Madrid,https://fbref.com/en/matches/5aa7f90b/Girona-Real-Madrid-August-26-2018-La-Liga,1,4
18,2018-08-27,Levante,Celta Vigo,https://fbref.com/en/matches/37c34100/Levante-Celta-Vigo-August-27-2018-La-Liga,1,2
19,2018-08-27,Athletic Bilbao,Huesca,https://fbref.com/en/matches/0d234b90/Athletic-Bilbao-Huesca-August-27-2018-La-Liga,2,2
20,2018-08-31,Getafe,Valladolid,https://fbref.com/en/matches/3505425b/Getafe-Valladolid-August-31-2018-La-Liga,0,0
21,2018-08-31,Eibar,Real Sociedad,https://fbref.com/en/matches/e9a96548/Eibar-Real-Sociedad-August-31-2018-La-Liga,2,1
22,2018-08-31,Villarreal,Girona,https://fbref.com/en/matches/d376ad57/Villarreal-Girona-August-31-2018-La-Liga,0,1
23,2018-09-01,Celta Vigo,Atlético Madrid,https://fbref.com/en/matches/612c7914/Celta-Vigo-Atletico-Madrid-September-1-2018-La-Liga,2,0
24,2018-09-01,Real Madrid,Leganés,https://fbref.com/en/matches/273a53fc/Real-Madrid-Leganes-September-1-2018-La-Liga,4,1
25,2018-09-02,Levante,Valencia,https://fbref.com/en/matches/8b8f19c0/Levante-Valencia-September-2-2018-La-Liga,2,2
26,2018-09-02,Alavés,Espanyol,https://fbref.com/en/matches/efc2a670/Alaves-Espanyol-September-2-2018-La-Liga,2,1
27,2018-09-02,Barcelona,Huesca,https://fbref.com/en/matches/0b6d40c5/Barcelona-Huesca-September-2-2018-La-Liga,8,2
28,2018-09-02,Betis,Sevilla,https://fbref.com/en/matches/386b9a82/Real-Betis-Sevilla-September-2-2018-La-Liga,1,0
29,2018-09-14,Huesca,Rayo Vallecano,https://fbref.com/en/matches/3b452df0/Huesca-Rayo-Vallecano-September-14-2018-La-Liga,0,1
30,2018-09-15,Atlético Madrid,Eibar,https://fbref.com/en/matches/4bd8f1d5/Atletico-Madrid-Eibar-September-15-2018-La-Liga,1,1
31,2018-09-15,Real Sociedad,Barcelona,https://fbref.com/en/matches/afa6f343/Real-Sociedad-Barcelona-September-15-2018-La-Liga,1,2
32,2018-09-15,Valencia,Betis,https://fbref.com/en/matches/91a61918/Valencia-Real-Betis-September-15-2018-La-Liga,0,0
33,2018-09-15,Athletic Bilbao,Real Madrid,https://fbref.com/en/matches/bb5953f9/Athletic-Bilbao-Real-Madrid-September-15-2018-La-Liga,1,1
34,2018-09-16,Leganés,Villarreal,https://fbref.com/en/matches/6c8c4d1a/Leganes-Villarreal-September-16-2018-La-Liga,0,1
35,2018-09-16,Espanyol,Levante,https://fbref.com/en/matches/1fe6901f/Espanyol-Levante-September-16-2018-La-Liga,1,0
36,2018-09-16,Valladolid,Alavés,https://fbref.com/en/matches/6e8f0e3e/Valladolid-Alaves-September-16-2018-La-Liga,0,1
37,2018-09-16,Sevilla,Getafe,https://fbref.com/en/matches/a12e422c/Sevilla-Getafe-September-16-2018-La-Liga,0,2
38,2018-09-17,Girona,Celta Vigo,https://fbref.com/en/matches/bcf15aba/Girona-Celta-Vigo-September-17-2018-La-Liga,3,2
39,2018-09-21,Huesca,Real Sociedad,https://fbref.com/en/matches/271adbd0/Huesca-Real-Sociedad-September-21-2018-La-Liga,0,1
40,2018-09-22,Rayo Vallecano,Alavés,https://fbref.com/en/matches/aa996107/Rayo-Vallecano-Alaves-September-22-2018-La-Liga,1,5
41,2018-09-22,Eibar,Leganés,https://fbref.com/en/matches/4c66f244/Eibar-Leganes-September-22-2018-La-Liga,1,0
42,2018-09-22,Celta Vigo,Valladolid,https://fbref.com/en/matches/68974e33/Celta-Vigo-Valladolid-September-22-2018-La-Liga,3,3
43,2018-09-22,Getafe,Atlético Madrid,https://fbref.com/en/matches/33165f42/Getafe-Atletico-Madrid-September-22-2018-La-Liga,0,2
44,2018-09-22,Real Madrid,Espanyol,https://fbref.com/en/matches/b5e24bc9/Real-Madrid-Espanyol-September-22-2018-La-Liga,1,0
45,2018-09-23,Levante,Sevilla,https://fbref.com/en/matches/6e11f898/Levante-Sevilla-September-23-2018-La-Liga,2,6
46,2018-09-23,Villarreal,Valencia,https://fbref.com/en/matches/6999b1a0/Villarreal-Valencia-September-23-2018-La-Liga,0,0
47,2018-09-23,Betis,Athletic Bilbao,https://fbref.com/en/matches/6830d52f/Real-Betis-Athletic-Bilbao-September-23-2018-La-Liga,2,2
48,2018-09-23,Barcelona,Girona,https://fbref.com/en/matches/96e8cb92/Barcelona-Girona-September-23-2018-La-Liga,2,2
49,2018-09-25,Espanyol,Eibar,https://fbref.com/en/matches/c188683e/Espanyol-Eibar-September-25-2018-La-Liga,1,0
50,2018-09-25,Real Sociedad,Rayo Vallecano,https://fbref.com/en/matches/61b8b4da/Real-Sociedad-Rayo-Vallecano-September-25-2018-La-Liga,2,2
51,2018-09-25,Atlético Madrid,Huesca,https://fbref.com/en/matches/206bfcf0/Atletico-Madrid-Huesca-September-25-2018-La-Liga,3,0
52,2018-09-26,Athletic Bilbao,Villarreal,https://fbref.com/en/matches/48a26407/Athletic-Bilbao-Villarreal-September-26-2018-La-Liga,0,3
53,2018-09-26,Leganés,Barcelona,https://fbref.com/en/matches/2ffc9376/Leganes-Barcelona-September-26-2018-La-Liga,2,1
54,2018-09-26,Sevilla,Real Madrid,https://fbref.com/en/matches/16bb809b/Sevilla-Real-Madrid-September-26-2018-La-Liga,3,0
55,2018-09-26,Valencia,Celta Vigo,https://fbref.com/en/matches/e90af81c/Valencia-Celta-Vigo-September-26-2018-La-Liga,1,1
56,2018-09-27,Alavés,Getafe,https://fbref.com/en/matches/5be74cda/Alaves-Getafe-September-27-2018-La-Liga,1,1
57,2018-09-27,Valladolid,Levante,https://fbref.com/en/matches/b83a53c3/Valladolid-Levante-September-27-2018-La-Liga,2,1
58,2018-09-27,Girona,Betis,https://fbref.com/en/matches/a9c4da3e/Girona-Real-Betis-September-27-2018-La-Liga,0,1
59,2018-09-28,Rayo Vallecano,Espanyol,https://fbref.com/en/matches/592e74ab/Rayo-Vallecano-Espanyol-September-28-2018-La-Liga,2,2
60,2018-09-29,Real Sociedad,Valencia,https://fbref.com/en/matches/34c786e8/Real-Sociedad-Valencia-September-29-2018-La-Liga,0,1
61,2018-09-29,Barcelona,Athletic Bilbao,https://fbref.com/en/matches/104beba1/Barcelona-Athletic-Bilbao-September-29-2018-La-Liga,1,1
62,2018-09-29,Eibar,Sevilla,https://fbref.com/en/matches/d97aedf7/Eibar-Sevilla-September-29-2018-La-Liga,1,3
63,2018-09-29,Real Madrid,Atlético Madrid,https://fbref.com/en/matches/d2d44529/Real-Madrid-Atletico-Madrid-September-29-2018-La-Liga,0,0
64,2018-09-30,Huesca,Girona,https://fbref.com/en/matches/8bfabe21/Huesca-Girona-September-30-2018-La-Liga,1,1
65,2018-09-30,Villarreal,Valladolid,https://fbref.com/en/matches/d88a3f0a/Villarreal-Valladolid-September-30-2018-La-Liga,0,1
66,2018-09-30,Levante,Alavés,https://fbref.com/en/matches/bbddb46a/Levante-Alaves-September-30-2018-La-Liga,2,1
67,2018-09-30,Betis,Leganés,https://fbref.com/en/matches/637330f8/Real-Betis-Leganes-September-30-2018-La-Liga,1,0
68,2018-10-01,Celta Vigo,Getafe,https://fbref.com/en/matches/64042946/Celta-Vigo-Getafe-October-1-2018-La-Liga,1,1
69,2018-10-05,Athletic Bilbao,Real Sociedad,https://fbref.com/en/matches/83e25acf/Athletic-Bilbao-Real-Sociedad-October-5-2018-La-Liga,1,3
70,2018-10-06,Girona,Eibar,https://fbref.com/en/matches/4f8ebd8c/Girona-Eibar-October-6-2018-La-Liga,2,3
71,2018-10-06,Getafe,Levante,https://fbref.com/en/matches/e344cb66/Getafe-Levante-October-6-2018-La-Liga,0,1
72,2018-10-06,Alavés,Real Madrid,https://fbref.com/en/matches/6bd9667d/Alaves-Real-Madrid-October-6-2018-La-Liga,1,0
73,2018-10-06,Leganés,Rayo Vallecano,https://fbref.com/en/matches/5bd83f8d/Leganes-Rayo-Vallecano-October-6-2018-La-Liga,1,0
74,2018-10-07,Valladolid,Huesca,https://fbref.com/en/matches/b0dd4747/Valladolid-Huesca-October-7-2018-La-Liga,1,0
75,2018-10-07,Atlético Madrid,Betis,https://fbref.com/en/matches/e059292a/Atletico-Madrid-Real-Betis-October-7-2018-La-Liga,1,0
76,2018-10-07,Sevilla,Celta Vigo,https://fbref.com/en/matches/848d3555/Sevilla-Celta-Vigo-October-7-2018-La-Liga,2,1
77,2018-10-07,Espanyol,Villarreal,https://fbref.com/en/matches/c60879d1/Espanyol-Villarreal-October-7-2018-La-Liga,3,1
78,2018-10-07,Valencia,Barcelona,https://fbref.com/en/matches/5df44b11/Valencia-Barcelona-October-7-2018-La-Liga,1,1
79,2018-10-19,Celta Vigo,Alavés,https://fbref.com/en/matches/02dfa469/Celta-Vigo-Alaves-October-19-2018-La-Liga,0,1
80,2018-10-20,Real Madrid,Levante,https://fbref.com/en/matches/c38c822b/Real-Madrid-Levante-October-20-2018-La-Liga,1,2
81,2018-10-20,Valencia,Leganés,https://fbref.com/en/matches/25bbcd4f/Valencia-Leganes-October-20-2018-La-Liga,1,1
82,2018-10-20,Villarreal,Atlético Madrid,https://fbref.com/en/matches/62f320a8/Villarreal-Atletico-Madrid-October-20-2018-La-Liga,1,1
83,2018-10-20,Barcelona,Sevilla,https://fbref.com/en/matches/ce338edb/Barcelona-Sevilla-October-20-2018-La-Liga,4,2
84,2018-10-21,Rayo Vallecano,Getafe,https://fbref.com/en/matches/03f64a42/Rayo-Vallecano-Getafe-October-21-2018-La-Liga,1,2
85,2018-10-21,Eibar,Athletic Bilbao,https://fbref.com/en/matches/cfd01b35/Eibar-Athletic-Bilbao-October-21-2018-La-Liga,1,1
86,2018-10-21,Huesca,Espanyol,https://fbref.com/en/matches/b447bc32/Huesca-Espanyol-October-21-2018-La-Liga,0,2
87,2018-10-21,Betis,Valladolid,https://fbref.com/en/matches/01dad537/Real-Betis-Valladolid-October-21-2018-La-Liga,0,1
88,2018-10-22,Real Sociedad,Girona,https://fbref.com/en/matches/17abcc36/Real-Sociedad-Girona-October-22-2018-La-Liga,0,0
89,2018-10-24,Rayo Vallecano,Athletic Bilbao,https://fbref.com/en/matches/2ab8da78/Rayo-Vallecano-Athletic-Bilbao-October-24-2018-La-Liga,1,1
90,2018-10-26,Valladolid,Espanyol,https://fbref.com/en/matches/208c1a6e/Valladolid-Espanyol-October-26-2018-La-Liga,1,1
91,2018-10-27,Girona,Rayo Vallecano,https://fbref.com/en/matches/7fb0f3bf/Girona-Rayo-Vallecano-October-27-2018-La-Liga,2,1
92,2018-10-27,Athletic Bilbao,Valencia,https://fbref.com/en/matches/97758716/Athletic-Bilbao-Valencia-October-27-2018-La-Liga,0,0
93,2018-10-27,Levante,Leganés,https://fbref.com/en/matches/43c50e7d/Levante-Leganes-October-27-2018-La-Liga,2,0
94,2018-10-27,Celta Vigo,Eibar,https://fbref.com/en/matches/51f0b015/Celta-Vigo-Eibar-October-27-2018-La-Liga,4,0
95,2018-10-27,Atlético Madrid,Real Sociedad,https://fbref.com/en/matches/84a25f29/Atletico-Madrid-Real-Sociedad-October-27-2018-La-Liga,2,0
96,2018-10-28,Getafe,Betis,https://fbref.com/en/matches/a7fc6107/Getafe-Real-Betis-October-28-2018-La-Liga,2,0
97,2018-10-28,Barcelona,Real Madrid,https://fbref.com/en/matches/66e58adb/Barcelona-Real-Madrid-October-28-2018-La-Liga,5,1
98,2018-10-28,Alavés,Villarreal,https://fbref.com/en/matches/98f7f3a3/Alaves-Villarreal-October-28-2018-La-Liga,2,1
99,2018-10-28,Sevilla,Huesca,https://fbref.com/en/matches/0134c8df/Sevilla-Huesca-October-28-2018-La-Liga,2,1
100,2018-11-03,Leganés,Atlético Madrid,https://fbref.com/en/matches/95a089d7/Leganes-Atletico-Madrid-November-3-2018-La-Liga,1,1
101,2018-11-03,Real Madrid,Valladolid,https://fbref.com/en/matches/17463db7/Real-Madrid-Valladolid-November-3-2018-La-Liga,2,0
102,2018-11-03,Valencia,Girona,https://fbref.com/en/matches/824cee12/Valencia-Girona-November-3-2018-La-Liga,0,1
103,2018-11-03,Rayo Vallecano,Barcelona,https://fbref.com/en/matches/f7762281/Rayo-Vallecano-Barcelona-November-3-2018-La-Liga,2,3
104,2018-11-04,Eibar,Alavés,https://fbref.com/en/matches/eab8ffda/Eibar-Alaves-November-4-2018-La-Liga,2,1
105,2018-11-04,Villarreal,Levante,https://fbref.com/en/matches/de4917a5/Villarreal-Levante-November-4-2018-La-Liga,1,1
106,2018-11-04,Real Sociedad,Sevilla,https://fbref.com/en/matches/e20e255c/Real-Sociedad-Sevilla-November-4-2018-La-Liga,0,0
107,2018-11-04,Huesca,Getafe,https://fbref.com/en/matches/128dec24/Huesca-Getafe-November-4-2018-La-Liga,1,1
108,2018-11-04,Betis,Celta Vigo,https://fbref.com/en/matches/71c82ac5/Real-Betis-Celta-Vigo-November-4-2018-La-Liga,3,3
109,2018-11-05,Espanyol,Athletic Bilbao,https://fbref.com/en/matches/fa35bf22/Espanyol-Athletic-Bilbao-November-5-2018-La-Liga,1,0
110,2018-11-09,Levante,Real Sociedad,https://fbref.com/en/matches/f7adf4ad/Levante-Real-Sociedad-November-9-2018-La-Liga,1,3
111,2018-11-10,Valladolid,Eibar,https://fbref.com/en/matches/9b5a683b/Valladolid-Eibar-November-10-2018-La-Liga,0,0
112,2018-11-10,Getafe,Valencia,https://fbref.com/en/matches/887fc4e0/Getafe-Valencia-November-10-2018-La-Liga,0,1
113,2018-11-10,Atlético Madrid,Athletic Bilbao,https://fbref.com/en/matches/a5f0fdc0/Atletico-Madrid-Athletic-Bilbao-November-10-2018-La-Liga,3,2
114,2018-11-10,Girona,Leganés,https://fbref.com/en/matches/afecb62d/Girona-Leganes-November-10-2018-La-Liga,0,0
115,2018-11-11,Alavés,Huesca,https://fbref.com/en/matches/357d327c/Alaves-Huesca-November-11-2018-La-Liga,2,1
116,2018-11-11,Barcelona,Betis,https://fbref.com/en/matches/8113b235/Barcelona-Real-Betis-November-11-2018-La-Liga,3,4
117,2018-11-11,Sevilla,Espanyol,https://fbref.com/en/matches/1befc598/Sevilla-Espanyol-November-11-2018-La-Liga,2,1
118,2018-11-11,Rayo Vallecano,Villarreal,https://fbref.com/en/matches/3666ee1a/Rayo-Vallecano-Villarreal-November-11-2018-La-Liga,2,2
119,2018-11-11,Celta Vigo,Real Madrid,https://fbref.com/en/matches/349e2112/Celta-Vigo-Real-Madrid-November-11-2018-La-Liga,2,4
120,2018-11-23,Leganés,Alavés,https://fbref.com/en/matches/f96bece2/Leganes-Alaves-November-23-2018-La-Liga,1,0
121,2018-11-24,Eibar,Real Madrid,https://fbref.com/en/matches/61527cdb/Eibar-Real-Madrid-November-24-2018-La-Liga,3,0
122,2018-11-24,Valencia,Rayo Vallecano,https://fbref.com/en/matches/f8029619/Valencia-Rayo-Vallecano-November-24-2018-La-Liga,3,0
123,2018-11-24,Huesca,Levante,https://fbref.com/en/matches/5398d74a/Huesca-Levante-November-24-2018-La-Liga,2,2
124,2018-11-24,Atlético Madrid,Barcelona,https://fbref.com/en/matches/21323dd4/Atletico-Madrid-Barcelona-November-24-2018-La-Liga,1,1
125,2018-11-25,Athletic Bilbao,Getafe,https://fbref.com/en/matches/4a60252f/Athletic-Bilbao-Getafe-November-25-2018-La-Liga,1,1
126,2018-11-25,Sevilla,Valladolid,https://fbref.com/en/matches/7fd9cdd4/Sevilla-Valladolid-November-25-2018-La-Liga,1,0
127,2018-11-25,Espanyol,Girona,https://fbref.com/en/matches/fbd38a66/Espanyol-Girona-November-25-2018-La-Liga,1,3
128,2018-11-25,Villarreal,Betis,https://fbref.com/en/matches/c3a61aa7/Villarreal-Real-Betis-November-25-2018-La-Liga,2,1
129,2018-11-26,Real Sociedad,Celta Vigo,https://fbref.com/en/matches/1c359926/Real-Sociedad-Celta-Vigo-November-26-2018-La-Liga,2,1
130,2018-11-30,Rayo Vallecano,Eibar,https://fbref.com/en/matches/6f000f9e/Rayo-Vallecano-Eibar-November-30-2018-La-Liga,1,0
131,2018-12-01,Celta Vigo,Huesca,https://fbref.com/en/matches/e81f55f9/Celta-Vigo-Huesca-December-1-2018-La-Liga,2,0
132,2018-12-01,Valladolid,Leganés,https://fbref.com/en/matches/e599678a/Valladolid-Leganes-December-1-2018-La-Liga,2,4
133,2018-12-01,Getafe,Espanyol,https://fbref.com/en/matches/ffd96bff/Getafe-Espanyol-December-1-2018-La-Liga,3,0
134,2018-12-01,Real Madrid,Valencia,https://fbref.com/en/matches/3e39abc5/Real-Madrid-Valencia-December-1-2018-La-Liga,2,0
135,2018-12-02,Betis,Real Sociedad,https://fbref.com/en/matches/ea705008/Real-Betis-Real-Sociedad-December-2-2018-La-Liga,1,0
136,2018-12-02,Girona,Atlético Madrid,https://fbref.com/en/matches/badb1786/Girona-Atletico-Madrid-December-2-2018-La-Liga,1,1
137,2018-12-02,Barcelona,Villarreal,https://fbref.com/en/matches/abb582f2/Barcelona-Villarreal-December-2-2018-La-Liga,2,0
138,2018-12-02,Alavés,Sevilla,https://fbref.com/en/matches/74f50a0b/Alaves-Sevilla-December-2-2018-La-Liga,1,1
139,2018-12-03,Levante,Athletic Bilbao,https://fbref.com/en/matches/00b0aa7a/Levante-Athletic-Bilbao-December-3-2018-La-Liga,3,0
140,2018-12-07,Leganés,Getafe,https://fbref.com/en/matches/bf43a155/Leganes-Getafe-December-7-2018-La-Liga,1,1
141,2018-12-08,Atlético Madrid,Alavés,https://fbref.com/en/matches/e4608b2e/Atletico-Madrid-Alaves-December-8-2018-La-Liga,3,0
142,2018-12-08,Valencia,Sevilla,https://fbref.com/en/matches/fa1f3b55/Valencia-Sevilla-December-8-2018-La-Liga,1,1
143,2018-12-08,Villarreal,Celta Vigo,https://fbref.com/en/matches/97509c14/Villarreal-Celta-Vigo-December-8-2018-La-Liga,2,3
144,2018-12-08,Espanyol,Barcelona,https://fbref.com/en/matches/6e08f11b/Espanyol-Barcelona-December-8-2018-La-Liga,0,4
145,2018-12-09,Eibar,Levante,https://fbref.com/en/matches/f0ef3886/Eibar-Levante-December-9-2018-La-Liga,4,4
146,2018-12-09,Huesca,Real Madrid,https://fbref.com/en/matches/95a61fe9/Huesca-Real-Madrid-December-9-2018-La-Liga,0,1
147,2018-12-09,Real Sociedad,Valladolid,https://fbref.com/en/matches/1296b721/Real-Sociedad-Valladolid-December-9-2018-La-Liga,1,2
148,2018-12-09,Betis,Rayo Vallecano,https://fbref.com/en/matches/c70a311d/Real-Betis-Rayo-Vallecano-December-9-2018-La-Liga,2,0
149,2018-12-10,Athletic Bilbao,Girona,https://fbref.com/en/matches/6f0dadcb/Athletic-Bilbao-Girona-December-10-2018-La-Liga,1,0
150,2018-12-14,Celta Vigo,Leganés,https://fbref.com/en/matches/bcb5b303/Celta-Vigo-Leganes-December-14-2018-La-Liga,0,0
151,2018-12-15,Getafe,Real Sociedad,https://fbref.com/en/matches/7d5b8871/Getafe-Real-Sociedad-December-15-2018-La-Liga,1,0
152,2018-12-15,Valladolid,Atlético Madrid,https://fbref.com/en/matches/a49e191e/Valladolid-Atletico-Madrid-December-15-2018-La-Liga,2,3
153,2018-12-15,Real Madrid,Rayo Vallecano,https://fbref.com/en/matches/cdec1369/Real-Madrid-Rayo-Vallecano-December-15-2018-La-Liga,1,0
154,2018-12-15,Eibar,Valencia,https://fbref.com/en/matches/d5d736ef/Eibar-Valencia-December-15-2018-La-Liga,1,1
155,2018-12-16,Sevilla,Girona,https://fbref.com/en/matches/f2881dc1/Sevilla-Girona-December-16-2018-La-Liga,2,0
156,2018-12-16,Espanyol,Betis,https://fbref.com/en/matches/a5bab21f/Espanyol-Real-Betis-December-16-2018-La-Liga,1,3
157,2018-12-16,Huesca,Villarreal,https://fbref.com/en/matches/ee37e406/Huesca-Villarreal-December-16-2018-La-Liga,2,2
158,2018-12-16,Levante,Barcelona,https://fbref.com/en/matches/190484d3/Levante-Barcelona-December-16-2018-La-Liga,0,5
159,2018-12-17,Alavés,Athletic Bilbao,https://fbref.com/en/matches/e8de71b9/Alaves-Athletic-Bilbao-December-17-2018-La-Liga,0,0
160,2018-12-21,Girona,Getafe,https://fbref.com/en/matches/73cd69c5/Girona-Getafe-December-21-2018-La-Liga,1,1
161,2018-12-21,Real Sociedad,Alavés,https://fbref.com/en/matches/b771e973/Real-Sociedad-Alaves-December-21-2018-La-Liga,0,1
162,2018-12-22,Betis,Eibar,https://fbref.com/en/matches/84f49ee2/Real-Betis-Eibar-December-22-2018-La-Liga,1,1
163,2018-12-22,Atlético Madrid,Espanyol,https://fbref.com/en/matches/3da02e15/Atletico-Madrid-Espanyol-December-22-2018-La-Liga,1,0
164,2018-12-22,Barcelona,Celta Vigo,https://fbref.com/en/matches/7a2c8e2d/Barcelona-Celta-Vigo-December-22-2018-La-Liga,2,0
165,2018-12-22,Athletic Bilbao,Valladolid,https://fbref.com/en/matches/ac666abe/Athletic-Bilbao-Valladolid-December-22-2018-La-Liga,1,1
166,2018-12-23,Valencia,Huesca,https://fbref.com/en/matches/a2401dab/Valencia-Huesca-December-23-2018-La-Liga,2,1
167,2018-12-23,Leganés,Sevilla,https://fbref.com/en/matches/64a0f14b/Leganes-Sevilla-December-23-2018-La-Liga,1,1
168,2018-12-23,Rayo Vallecano,Levante,https://fbref.com/en/matches/1d33d149/Rayo-Vallecano-Levante-December-23-2018-La-Liga,2,1
169,2019-01-03,Villarreal,Real Madrid,https://fbref.com/en/matches/d25c0be5/Villarreal-Real-Madrid-January-3-2019-La-Liga,2,2
170,2019-01-04,Levante,Girona,https://fbref.com/en/matches/64cafd34/Levante-Girona-January-4-2019-La-Liga,2,2
171,2019-01-04,Espanyol,Leganés,https://fbref.com/en/matches/a34afc99/Espanyol-Leganes-January-4-2019-La-Liga,1,0
172,2019-01-05,Valladolid,Rayo Vallecano,https://fbref.com/en/matches/a9b04f70/Valladolid-Rayo-Vallecano-January-5-2019-La-Liga,0,1
173,2019-01-05,Alavés,Valencia,https://fbref.com/en/matches/bec6fd61/Alaves-Valencia-January-5-2019-La-Liga,2,1
174,2019-01-05,Huesca,Betis,https://fbref.com/en/matches/55653337/Huesca-Real-Betis-January-5-2019-La-Liga,2,1
175,2019-01-06,Eibar,Villarreal,https://fbref.com/en/matches/8b9a2374/Eibar-Villarreal-January-6-2019-La-Liga,0,0
176,2019-01-06,Sevilla,Atlético Madrid,https://fbref.com/en/matches/0da03d10/Sevilla-Atletico-Madrid-January-6-2019-La-Liga,1,1
177,2019-01-06,Real Madrid,Real Sociedad,https://fbref.com/en/matches/93caa39b/Real-Madrid-Real-Sociedad-January-6-2019-La-Liga,0,2
178,2019-01-06,Getafe,Barcelona,https://fbref.com/en/matches/91572149/Getafe-Barcelona-January-6-2019-La-Liga,1,2
179,2019-01-07,Celta Vigo,Athletic Bilbao,https://fbref.com/en/matches/94d131d1/Celta-Vigo-Athletic-Bilbao-January-7-2019-La-Liga,1,2
180,2019-01-11,Rayo Vallecano,Celta Vigo,https://fbref.com/en/matches/d1c154c2/Rayo-Vallecano-Celta-Vigo-January-11-2019-La-Liga,4,2
181,2019-01-12,Leganés,Huesca,https://fbref.com/en/matches/c5dcc490/Leganes-Huesca-January-12-2019-La-Liga,1,0
182,2019-01-12,Valencia,Valladolid,https://fbref.com/en/matches/2ad46e96/Valencia-Valladolid-January-12-2019-La-Liga,1,1
183,2019-01-12,Girona,Alavés,https://fbref.com/en/matches/3e59a7f2/Girona-Alaves-January-12-2019-La-Liga,1,1
184,2019-01-12,Villarreal,Getafe,https://fbref.com/en/matches/ee009263/Villarreal-Getafe-January-12-2019-La-Liga,1,2
185,2019-01-13,Atlético Madrid,Levante,https://fbref.com/en/matches/f3ba02c6/Atletico-Madrid-Levante-January-13-2019-La-Liga,1,0
186,2019-01-13,Athletic Bilbao,Sevilla,https://fbref.com/en/matches/93ceafbb/Athletic-Bilbao-Sevilla-January-13-2019-La-Liga,2,0
187,2019-01-13,Barcelona,Eibar,https://fbref.com/en/matches/bc534a87/Barcelona-Eibar-January-13-2019-La-Liga,3,0
188,2019-01-13,Betis,Real Madrid,https://fbref.com/en/matches/988a09ba/Real-Betis-Real-Madrid-January-13-2019-La-Liga,1,2
189,2019-01-14,Real Sociedad,Espanyol,https://fbref.com/en/matches/639d470c/Real-Sociedad-Espanyol-January-14-2019-La-Liga,3,2
190,2019-01-18,Getafe,Alavés,https://fbref.com/en/matches/d0978087/Getafe-Alaves-January-18-2019-La-Liga,4,0
191,2019-01-19,Real Madrid,Sevilla,https://fbref.com/en/matches/92b4d472/Real-Madrid-Sevilla-January-19-2019-La-Liga,2,0
192,2019-01-19,Huesca,Atlético Madrid,https://fbref.com/en/matches/a4c84ae7/Huesca-Atletico-Madrid-January-19-2019-La-Liga,0,3
193,2019-01-19,Celta Vigo,Valencia,https://fbref.com/en/matches/e7ddc8d4/Celta-Vigo-Valencia-January-19-2019-La-Liga,1,2
194,2019-01-20,Betis,Girona,https://fbref.com/en/matches/0d6793ff/Real-Betis-Girona-January-20-2019-La-Liga,3,2
195,2019-01-20,Villarreal,Athletic Bilbao,https://fbref.com/en/matches/742f222a/Villarreal-Athletic-Bilbao-January-20-2019-La-Liga,1,1
196,2019-01-20,Rayo Vallecano,Real Sociedad,https://fbref.com/en/matches/def995cc/Rayo-Vallecano-Real-Sociedad-January-20-2019-La-Liga,2,2
197,2019-01-20,Levante,Valladolid,https://fbref.com/en/matches/7f018acf/Levante-Valladolid-January-20-2019-La-Liga,2,0
198,2019-01-20,Barcelona,Leganés,https://fbref.com/en/matches/582c7af9/Barcelona-Leganes-January-20-2019-La-Liga,3,1
199,2019-01-21,Eibar,Espanyol,https://fbref.com/en/matches/13375843/Eibar-Espanyol-January-21-2019-La-Liga,3,0
200,2019-01-26,Sevilla,Levante,https://fbref.com/en/matches/e7adc105/Sevilla-Levante-January-26-2019-La-Liga,5,0
201,2019-01-26,Atlético Madrid,Getafe,https://fbref.com/en/matches/2fcc0d89/Atletico-Madrid-Getafe-January-26-2019-La-Liga,2,0
202,2019-01-26,Leganés,Eibar,https://fbref.com/en/matches/342a46e9/Leganes-Eibar-January-26-2019-La-Liga,2,2
203,2019-01-26,Valencia,Villarreal,https://fbref.com/en/matches/e982d83f/Valencia-Villarreal-January-26-2019-La-Liga,3,0
204,2019-01-27,Valladolid,Celta Vigo,https://fbref.com/en/matches/e477d28c/Valladolid-Celta-Vigo-January-27-2019-La-Liga,2,1
205,2019-01-27,Girona,Barcelona,https://fbref.com/en/matches/fe1f2ee5/Girona-Barcelona-January-27-2019-La-Liga,0,2
206,2019-01-27,Real Sociedad,Huesca,https://fbref.com/en/matches/34f7793f/Real-Sociedad-Huesca-January-27-2019-La-Liga,0,0
207,2019-01-27,Athletic Bilbao,Betis,https://fbref.com/en/matches/7b2b21cb/Athletic-Bilbao-Real-Betis-January-27-2019-La-Liga,1,0
208,2019-01-27,Espanyol,Real Madrid,https://fbref.com/en/matches/9eaada3d/Espanyol-Real-Madrid-January-27-2019-La-Liga,2,4
209,2019-01-28,Alavés,Rayo Vallecano,https://fbref.com/en/matches/d76ebcee/Alaves-Rayo-Vallecano-January-28-2019-La-Liga,0,1
210,2019-02-01,Huesca,Valladolid,https://fbref.com/en/matches/7e2758cc/Huesca-Valladolid-February-1-2019-La-Liga,4,0
211,2019-02-02,Levante,Getafe,https://fbref.com/en/matches/9be74470/Levante-Getafe-February-2-2019-La-Liga,0,0
212,2019-02-02,Real Sociedad,Athletic Bilbao,https://fbref.com/en/matches/b444df9a/Real-Sociedad-Athletic-Bilbao-February-2-2019-La-Liga,2,1
213,2019-02-02,Barcelona,Valencia,https://fbref.com/en/matches/2cb199b0/Barcelona-Valencia-February-2-2019-La-Liga,2,2
214,2019-02-02,Celta Vigo,Sevilla,https://fbref.com/en/matches/68311c30/Celta-Vigo-Sevilla-February-2-2019-La-Liga,1,0
215,2019-02-03,Villarreal,Espanyol,https://fbref.com/en/matches/9172e3c8/Villarreal-Espanyol-February-3-2019-La-Liga,2,2
216,2019-02-03,Betis,Atlético Madrid,https://fbref.com/en/matches/c520e02b/Real-Betis-Atletico-Madrid-February-3-2019-La-Liga,1,0
217,2019-02-03,Eibar,Girona,https://fbref.com/en/matches/a6c5c209/Eibar-Girona-February-3-2019-La-Liga,3,0
218,2019-02-03,Real Madrid,Alavés,https://fbref.com/en/matches/9f9ae3eb/Real-Madrid-Alaves-February-3-2019-La-Liga,3,0
219,2019-02-04,Rayo Vallecano,Leganés,https://fbref.com/en/matches/2e532e72/Rayo-Vallecano-Leganes-February-4-2019-La-Liga,1,2
220,2019-02-08,Valladolid,Villarreal,https://fbref.com/en/matches/db1d2af6/Valladolid-Villarreal-February-8-2019-La-Liga,0,0
221,2019-02-09,Getafe,Celta Vigo,https://fbref.com/en/matches/7f63a675/Getafe-Celta-Vigo-February-9-2019-La-Liga,3,1
222,2019-02-09,Atlético Madrid,Real Madrid,https://fbref.com/en/matches/be01c5f1/Atletico-Madrid-Real-Madrid-February-9-2019-La-Liga,1,3
223,2019-02-09,Espanyol,Rayo Vallecano,https://fbref.com/en/matches/401ae99b/Espanyol-Rayo-Vallecano-February-9-2019-La-Liga,2,1
224,2019-02-09,Girona,Huesca,https://fbref.com/en/matches/2e5ac1bc/Girona-Huesca-February-9-2019-La-Liga,0,2
225,2019-02-10,Leganés,Betis,https://fbref.com/en/matches/006a5676/Leganes-Real-Betis-February-10-2019-La-Liga,3,0
226,2019-02-10,Valencia,Real Sociedad,https://fbref.com/en/matches/f12fc51d/Valencia-Real-Sociedad-February-10-2019-La-Liga,0,0
227,2019-02-10,Sevilla,Eibar,https://fbref.com/en/matches/c2ce250c/Sevilla-Eibar-February-10-2019-La-Liga,2,2
228,2019-02-10,Athletic Bilbao,Barcelona,https://fbref.com/en/matches/7a72c2d3/Athletic-Bilbao-Barcelona-February-10-2019-La-Liga,0,0
229,2019-02-11,Alavés,Levante,https://fbref.com/en/matches/b109995c/Alaves-Levante-February-11-2019-La-Liga,2,0
230,2019-02-15,Eibar,Getafe,https://fbref.com/en/matches/647a65c5/Eibar-Getafe-February-15-2019-La-Liga,2,2
231,2019-02-16,Celta Vigo,Levante,https://fbref.com/en/matches/6d3dedb0/Celta-Vigo-Levante-February-16-2019-La-Liga,1,4
232,2019-02-16,Rayo Vallecano,Atlético Madrid,https://fbref.com/en/matches/00ea5103/Rayo-Vallecano-Atletico-Madrid-February-16-2019-La-Liga,0,1
233,2019-02-16,Real Sociedad,Leganés,https://fbref.com/en/matches/cd72ec43/Real-Sociedad-Leganes-February-16-2019-La-Liga,3,0
234,2019-02-16,Barcelona,Valladolid,https://fbref.com/en/matches/df8fbe37/Barcelona-Valladolid-February-16-2019-La-Liga,1,0
235,2019-02-17,Real Madrid,Girona,https://fbref.com/en/matches/f3bbe281/Real-Madrid-Girona-February-17-2019-La-Liga,1,2
236,2019-02-17,Valencia,Espanyol,https://fbref.com/en/matches/c4c53328/Valencia-Espanyol-February-17-2019-La-Liga,0,0
237,2019-02-17,Villarreal,Sevilla,https://fbref.com/en/matches/a7efee87/Villarreal-Sevilla-February-17-2019-La-Liga,3,0
238,2019-02-17,Betis,Alavés,https://fbref.com/en/matches/be83c256/Real-Betis-Alaves-February-17-2019-La-Liga,1,1
239,2019-02-18,Huesca,Athletic Bilbao,https://fbref.com/en/matches/42f8a227/Huesca-Athletic-Bilbao-February-18-2019-La-Liga,0,1
240,2019-02-22,Espanyol,Huesca,https://fbref.com/en/matches/1a6f9817/Espanyol-Huesca-February-22-2019-La-Liga,1,1
241,2019-02-23,Getafe,Rayo Vallecano,https://fbref.com/en/matches/878fac0e/Getafe-Rayo-Vallecano-February-23-2019-La-Liga,2,1
242,2019-02-23,Sevilla,Barcelona,https://fbref.com/en/matches/9c343f00/Sevilla-Barcelona-February-23-2019-La-Liga,2,4
243,2019-02-23,Alavés,Celta Vigo,https://fbref.com/en/matches/086e4802/Alaves-Celta-Vigo-February-23-2019-La-Liga,0,0
244,2019-02-23,Athletic Bilbao,Eibar,https://fbref.com/en/matches/9fb4ebab/Athletic-Bilbao-Eibar-February-23-2019-La-Liga,1,0
245,2019-02-24,Leganés,Valencia,https://fbref.com/en/matches/7010f440/Leganes-Valencia-February-24-2019-La-Liga,1,1
246,2019-02-24,Atlético Madrid,Villarreal,https://fbref.com/en/matches/bcb47d9e/Atletico-Madrid-Villarreal-February-24-2019-La-Liga,2,0
247,2019-02-24,Valladolid,Betis,https://fbref.com/en/matches/8583292b/Valladolid-Real-Betis-February-24-2019-La-Liga,0,2
248,2019-02-24,Levante,Real Madrid,https://fbref.com/en/matches/7c2ee19f/Levante-Real-Madrid-February-24-2019-La-Liga,1,2
249,2019-02-25,Girona,Real Sociedad,https://fbref.com/en/matches/18069df5/Girona-Real-Sociedad-February-25-2019-La-Liga,0,0
250,2019-03-01,Rayo Vallecano,Girona,https://fbref.com/en/matches/bb80c95b/Rayo-Vallecano-Girona-March-1-2019-La-Liga,0,2
251,2019-03-02,Espanyol,Valladolid,https://fbref.com/en/matches/64c7bcd2/Espanyol-Valladolid-March-2-2019-La-Liga,3,1
252,2019-03-02,Villarreal,Alavés,https://fbref.com/en/matches/afff20a9/Villarreal-Alaves-March-2-2019-La-Liga,1,2
253,2019-03-02,Huesca,Sevilla,https://fbref.com/en/matches/19a738c0/Huesca-Sevilla-March-2-2019-La-Liga,2,1
254,2019-03-02,Real Madrid,Barcelona,https://fbref.com/en/matches/38da3cd1/Real-Madrid-Barcelona-March-2-2019-La-Liga,0,1
255,2019-03-03,Eibar,Celta Vigo,https://fbref.com/en/matches/93dbea52/Eibar-Celta-Vigo-March-3-2019-La-Liga,1,0
256,2019-03-03,Betis,Getafe,https://fbref.com/en/matches/067b9a41/Real-Betis-Getafe-March-3-2019-La-Liga,1,2
257,2019-03-03,Real Sociedad,Atlético Madrid,https://fbref.com/en/matches/e5ce9773/Real-Sociedad-Atletico-Madrid-March-3-2019-La-Liga,0,2
258,2019-03-03,Valencia,Athletic Bilbao,https://fbref.com/en/matches/099910a6/Valencia-Athletic-Bilbao-March-3-2019-La-Liga,2,0
259,2019-03-04,Leganés,Levante,https://fbref.com/en/matches/dffe560f/Leganes-Levante-March-4-2019-La-Liga,1,0
260,2019-03-08,Athletic Bilbao,Espanyol,https://fbref.com/en/matches/30cedc60/Athletic-Bilbao-Espanyol-March-8-2019-La-Liga,1,1
261,2019-03-09,Alavés,Eibar,https://fbref.com/en/matches/a2c14ed5/Alaves-Eibar-March-9-2019-La-Liga,1,1
262,2019-03-09,Atlético Madrid,Leganés,https://fbref.com/en/matches/2b0f4f49/Atletico-Madrid-Leganes-March-9-2019-La-Liga,1,0
263,2019-03-09,Barcelona,Rayo Vallecano,https://fbref.com/en/matches/7e724c75/Barcelona-Rayo-Vallecano-March-9-2019-La-Liga,3,1
264,2019-03-09,Getafe,Huesca,https://fbref.com/en/matches/3a9a6cbf/Getafe-Huesca-March-9-2019-La-Liga,2,1
265,2019-03-10,Celta Vigo,Betis,https://fbref.com/en/matches/62cce1df/Celta-Vigo-Real-Betis-March-10-2019-La-Liga,0,1
266,2019-03-10,Girona,Valencia,https://fbref.com/en/matches/45ccf482/Girona-Valencia-March-10-2019-La-Liga,2,3
267,2019-03-10,Sevilla,Real Sociedad,https://fbref.com/en/matches/c1ee8172/Sevilla-Real-Sociedad-March-10-2019-La-Liga,5,2
268,2019-03-10,Levante,Villarreal,https://fbref.com/en/matches/680ec217/Levante-Villarreal-March-10-2019-La-Liga,0,2
269,2019-03-10,Valladolid,Real Madrid,https://fbref.com/en/matches/3bf9a086/Valladolid-Real-Madrid-March-10-2019-La-Liga,1,4
270,2019-03-15,Real Sociedad,Levante,https://fbref.com/en/matches/62e84135/Real-Sociedad-Levante-March-15-2019-La-Liga,1,1
271,2019-03-16,Huesca,Alavés,https://fbref.com/en/matches/4658166d/Huesca-Alaves-March-16-2019-La-Liga,1,3
272,2019-03-16,Real Madrid,Celta Vigo,https://fbref.com/en/matches/11a2c45f/Real-Madrid-Celta-Vigo-March-16-2019-La-Liga,2,0
273,2019-03-16,Athletic Bilbao,Atlético Madrid,https://fbref.com/en/matches/2756c86c/Athletic-Bilbao-Atletico-Madrid-March-16-2019-La-Liga,2,0
274,2019-03-16,Leganés,Girona,https://fbref.com/en/matches/99d3f1d0/Leganes-Girona-March-16-2019-La-Liga,0,2
275,2019-03-17,Eibar,Valladolid,https://fbref.com/en/matches/aeec54b9/Eibar-Valladolid-March-17-2019-La-Liga,1,2
276,2019-03-17,Espanyol,Sevilla,https://fbref.com/en/matches/e603a7c1/Espanyol-Sevilla-March-17-2019-La-Liga,0,1
277,2019-03-17,Villarreal,Rayo Vallecano,https://fbref.com/en/matches/58783a71/Villarreal-Rayo-Vallecano-March-17-2019-La-Liga,3,1
278,2019-03-17,Valencia,Getafe,https://fbref.com/en/matches/99c13b37/Valencia-Getafe-March-17-2019-La-Liga,0,0
279,2019-03-17,Betis,Barcelona,https://fbref.com/en/matches/c59ccf5a/Real-Betis-Barcelona-March-17-2019-La-Liga,1,4
280,2019-03-29,Girona,Athletic Bilbao,https://fbref.com/en/matches/f120d0a0/Girona-Athletic-Bilbao-March-29-2019-La-Liga,1,2
281,2019-03-30,Getafe,Leganés,https://fbref.com/en/matches/753e7ccc/Getafe-Leganes-March-30-2019-La-Liga,0,2
282,2019-03-30,Barcelona,Espanyol,https://fbref.com/en/matches/d0f59a88/Barcelona-Espanyol-March-30-2019-La-Liga,2,0
283,2019-03-30,Celta Vigo,Villarreal,https://fbref.com/en/matches/c66742da/Celta-Vigo-Villarreal-March-30-2019-La-Liga,3,2
284,2019-03-30,Alavés,Atlético Madrid,https://fbref.com/en/matches/11ea85c8/Alaves-Atletico-Madrid-March-30-2019-La-Liga,0,4
285,2019-03-31,Levante,Eibar,https://fbref.com/en/matches/c608e997/Levante-Eibar-March-31-2019-La-Liga,2,2
286,2019-03-31,Rayo Vallecano,Betis,https://fbref.com/en/matches/d72c916b/Rayo-Vallecano-Real-Betis-March-31-2019-La-Liga,1,1
287,2019-03-31,Sevilla,Valencia,https://fbref.com/en/matches/985ff3f0/Sevilla-Valencia-March-31-2019-La-Liga,0,1
288,2019-03-31,Valladolid,Real Sociedad,https://fbref.com/en/matches/08cbe095/Valladolid-Real-Sociedad-March-31-2019-La-Liga,1,1
289,2019-03-31,Real Madrid,Huesca,https://fbref.com/en/matches/5442ba12/Real-Madrid-Huesca-March-31-2019-La-Liga,3,2
290,2019-04-02,Atlético Madrid,Girona,https://fbref.com/en/matches/498b3c79/Atletico-Madrid-Girona-April-2-2019-La-Liga,2,0
291,2019-04-02,Espanyol,Getafe,https://fbref.com/en/matches/4d10a2b1/Espanyol-Getafe-April-2-2019-La-Liga,1,1
292,2019-04-02,Villarreal,Barcelona,https://fbref.com/en/matches/e6d0225d/Villarreal-Barcelona-April-2-2019-La-Liga,4,4
293,2019-04-03,Athletic Bilbao,Levante,https://fbref.com/en/matches/c59d55e4/Athletic-Bilbao-Levante-April-3-2019-La-Liga,3,2
294,2019-04-03,Eibar,Rayo Vallecano,https://fbref.com/en/matches/f141cb50/Eibar-Rayo-Vallecano-April-3-2019-La-Liga,2,1
295,2019-04-03,Huesca,Celta Vigo,https://fbref.com/en/matches/d11deff0/Huesca-Celta-Vigo-April-3-2019-La-Liga,3,3
296,2019-04-03,Valencia,Real Madrid,https://fbref.com/en/matches/724e53c6/Valencia-Real-Madrid-April-3-2019-La-Liga,2,1
297,2019-04-04,Sevilla,Alavés,https://fbref.com/en/matches/27ad8f59/Sevilla-Alaves-April-4-2019-La-Liga,2,0
298,2019-04-04,Leganés,Valladolid,https://fbref.com/en/matches/7c5bce63/Leganes-Valladolid-April-4-2019-La-Liga,1,0
299,2019-04-04,Real Sociedad,Betis,https://fbref.com/en/matches/3ac9bce3/Real-Sociedad-Real-Betis-April-4-2019-La-Liga,2,1
300,2019-04-06,Girona,Espanyol,https://fbref.com/en/matches/fd162bb3/Girona-Espanyol-April-6-2019-La-Liga,1,2
301,2019-04-06,Real Madrid,Eibar,https://fbref.com/en/matches/97954910/Real-Madrid-Eibar-April-6-2019-La-Liga,2,1
302,2019-04-06,Rayo Vallecano,Valencia,https://fbref.com/en/matches/a5763a53/Rayo-Vallecano-Valencia-April-6-2019-La-Liga,2,0
303,2019-04-06,Barcelona,Atlético Madrid,https://fbref.com/en/matches/6fbc572e/Barcelona-Atletico-Madrid-April-6-2019-La-Liga,2,0
304,2019-04-07,Alavés,Leganés,https://fbref.com/en/matches/da6b6783/Alaves-Leganes-April-7-2019-La-Liga,1,1
305,2019-04-07,Getafe,Athletic Bilbao,https://fbref.com/en/matches/5f7418cc/Getafe-Athletic-Bilbao-April-7-2019-La-Liga,1,0
306,2019-04-07,Valladolid,Sevilla,https://fbref.com/en/matches/2b185a14/Valladolid-Sevilla-April-7-2019-La-Liga,0,2
307,2019-04-07,Levante,Huesca,https://fbref.com/en/matches/163565ce/Levante-Huesca-April-7-2019-La-Liga,2,2
308,2019-04-07,Celta Vigo,Real Sociedad,https://fbref.com/en/matches/edbaa665/Celta-Vigo-Real-Sociedad-April-7-2019-La-Liga,3,1
309,2019-04-07,Betis,Villarreal,https://fbref.com/en/matches/4673b564/Real-Betis-Villarreal-April-7-2019-La-Liga,2,1
310,2019-04-13,Espanyol,Alavés,https://fbref.com/en/matches/08b12eb9/Espanyol-Alaves-April-13-2019-La-Liga,2,1
311,2019-04-13,Huesca,Barcelona,https://fbref.com/en/matches/5faeb9d2/Huesca-Barcelona-April-13-2019-La-Liga,0,0
312,2019-04-13,Atlético Madrid,Celta Vigo,https://fbref.com/en/matches/c84e6c42/Atletico-Madrid-Celta-Vigo-April-13-2019-La-Liga,2,0
313,2019-04-13,Sevilla,Betis,https://fbref.com/en/matches/daf8e97a/Sevilla-Real-Betis-April-13-2019-La-Liga,3,2
314,2019-04-14,Valladolid,Getafe,https://fbref.com/en/matches/5f29daab/Valladolid-Getafe-April-14-2019-La-Liga,2,2
315,2019-04-14,Athletic Bilbao,Rayo Vallecano,https://fbref.com/en/matches/61dc972e/Athletic-Bilbao-Rayo-Vallecano-April-14-2019-La-Liga,3,2
316,2019-04-14,Real Sociedad,Eibar,https://fbref.com/en/matches/5468f316/Real-Sociedad-Eibar-April-14-2019-La-Liga,1,1
317,2019-04-14,Girona,Villarreal,https://fbref.com/en/matches/797a65b4/Girona-Villarreal-April-14-2019-La-Liga,0,1
318,2019-04-14,Valencia,Levante,https://fbref.com/en/matches/043b7e7e/Valencia-Levante-April-14-2019-La-Liga,3,1
319,2019-04-15,Leganés,Real Madrid,https://fbref.com/en/matches/238b30f5/Leganes-Real-Madrid-April-15-2019-La-Liga,1,1
320,2019-04-19,Alavés,Valladolid,https://fbref.com/en/matches/6ba4d624/Alaves-Valladolid-April-19-2019-La-Liga,2,2
321,2019-04-20,Celta Vigo,Girona,https://fbref.com/en/matches/1d93fcc3/Celta-Vigo-Girona-April-20-2019-La-Liga,2,1
322,2019-04-20,Eibar,Atlético Madrid,https://fbref.com/en/matches/131c9caa/Eibar-Atletico-Madrid-April-20-2019-La-Liga,0,1
323,2019-04-20,Rayo Vallecano,Huesca,https://fbref.com/en/matches/ef0c639a/Rayo-Vallecano-Huesca-April-20-2019-La-Liga,0,0
324,2019-04-20,Barcelona,Real Sociedad,https://fbref.com/en/matches/dc6a34e3/Barcelona-Real-Sociedad-April-20-2019-La-Liga,2,1
325,2019-04-21,Levante,Espanyol,https://fbref.com/en/matches/9e30ad58/Levante-Espanyol-April-21-2019-La-Liga,2,2
326,2019-04-21,Getafe,Sevilla,https://fbref.com/en/matches/a6e75315/Getafe-Sevilla-April-21-2019-La-Liga,3,0
327,2019-04-21,Real Madrid,Athletic Bilbao,https://fbref.com/en/matches/2010d7ac/Real-Madrid-Athletic-Bilbao-April-21-2019-La-Liga,3,0
328,2019-04-21,Villarreal,Leganés,https://fbref.com/en/matches/d15184f7/Villarreal-Leganes-April-21-2019-La-Liga,2,1
329,2019-04-21,Betis,Valencia,https://fbref.com/en/matches/46a13aef/Real-Betis-Valencia-April-21-2019-La-Liga,1,2
330,2019-04-23,Huesca,Eibar,https://fbref.com/en/matches/18025bde/Huesca-Eibar-April-23-2019-La-Liga,2,0
331,2019-04-23,Valladolid,Girona,https://fbref.com/en/matches/2533eec4/Valladolid-Girona-April-23-2019-La-Liga,1,0
332,2019-04-23,Alavés,Barcelona,https://fbref.com/en/matches/17a1c1b8/Alaves-Barcelona-April-23-2019-La-Liga,0,2
333,2019-04-24,Atlético Madrid,Valencia,https://fbref.com/en/matches/d74b4660/Atletico-Madrid-Valencia-April-24-2019-La-Liga,3,2
334,2019-04-24,Espanyol,Celta Vigo,https://fbref.com/en/matches/b4ed8753/Espanyol-Celta-Vigo-April-24-2019-La-Liga,1,1
335,2019-04-24,Leganés,Athletic Bilbao,https://fbref.com/en/matches/b9f0d926/Leganes-Athletic-Bilbao-April-24-2019-La-Liga,0,1
336,2019-04-24,Levante,Betis,https://fbref.com/en/matches/0ea896a5/Levante-Real-Betis-April-24-2019-La-Liga,4,0
337,2019-04-25,Sevilla,Rayo Vallecano,https://fbref.com/en/matches/65e176bd/Sevilla-Rayo-Vallecano-April-25-2019-La-Liga,5,0
338,2019-04-25,Real Sociedad,Villarreal,https://fbref.com/en/matches/261c8d82/Real-Sociedad-Villarreal-April-25-2019-La-Liga,0,1
339,2019-04-25,Getafe,Real Madrid,https://fbref.com/en/matches/c958583c/Getafe-Real-Madrid-April-25-2019-La-Liga,0,0
340,2019-04-27,Athletic Bilbao,Alavés,https://fbref.com/en/matches/9e262d2b/Athletic-Bilbao-Alaves-April-27-2019-La-Liga,1,1
341,2019-04-27,Atlético Madrid,Valladolid,https://fbref.com/en/matches/298c44d2/Atletico-Madrid-Valladolid-April-27-2019-La-Liga,1,0
342,2019-04-27,Leganés,Celta Vigo,https://fbref.com/en/matches/df317dff/Leganes-Celta-Vigo-April-27-2019-La-Liga,0,0
343,2019-04-27,Barcelona,Levante,https://fbref.com/en/matches/2e9825c3/Barcelona-Levante-April-27-2019-La-Liga,1,0
344,2019-04-28,Valencia,Eibar,https://fbref.com/en/matches/9c6be033/Valencia-Eibar-April-28-2019-La-Liga,0,1
345,2019-04-28,Girona,Sevilla,https://fbref.com/en/matches/de27ad08/Girona-Sevilla-April-28-2019-La-Liga,1,0
346,2019-04-28,Real Sociedad,Getafe,https://fbref.com/en/matches/658af911/Real-Sociedad-Getafe-April-28-2019-La-Liga,2,1
347,2019-04-28,Villarreal,Huesca,https://fbref.com/en/matches/2dddd8e7/Villarreal-Huesca-April-28-2019-La-Liga,1,1
348,2019-04-28,Rayo Vallecano,Real Madrid,https://fbref.com/en/matches/d64adc89/Rayo-Vallecano-Real-Madrid-April-28-2019-La-Liga,1,0
349,2019-04-29,Betis,Espanyol,https://fbref.com/en/matches/a7bcd0ed/Real-Betis-Espanyol-April-29-2019-La-Liga,1,1
350,2019-05-03,Sevilla,Leganés,https://fbref.com/en/matches/257e9995/Sevilla-Leganes-May-3-2019-La-Liga,0,3
351,2019-05-04,Levante,Rayo Vallecano,https://fbref.com/en/matches/05f0ac3a/Levante-Rayo-Vallecano-May-4-2019-La-Liga,4,1
352,2019-05-04,Espanyol,Atlético Madrid,https://fbref.com/en/matches/a31e57a2/Espanyol-Atletico-Madrid-May-4-2019-La-Liga,3,0
353,2019-05-04,Alavés,Real Sociedad,https://fbref.com/en/matches/5714954a/Alaves-Real-Sociedad-May-4-2019-La-Liga,0,1
354,2019-05-04,Celta Vigo,Barcelona,https://fbref.com/en/matches/f10c62ca/Celta-Vigo-Barcelona-May-4-2019-La-Liga,2,0
355,2019-05-05,Getafe,Girona,https://fbref.com/en/matches/602c2301/Getafe-Girona-May-5-2019-La-Liga,2,0
356,2019-05-05,Eibar,Betis,https://fbref.com/en/matches/2c80fea8/Eibar-Real-Betis-May-5-2019-La-Liga,1,0
357,2019-05-05,Real Madrid,Villarreal,https://fbref.com/en/matches/1707a1bf/Real-Madrid-Villarreal-May-5-2019-La-Liga,3,2
358,2019-05-05,Valladolid,Athletic Bilbao,https://fbref.com/en/matches/a643e0b6/Valladolid-Athletic-Bilbao-May-5-2019-La-Liga,1,0
359,2019-05-05,Huesca,Valencia,https://fbref.com/en/matches/2b0e0b99/Huesca-Valencia-May-5-2019-La-Liga,2,6
360,2019-05-12,Girona,Levante,https://fbref.com/en/matches/36611668/Girona-Levante-May-12-2019-La-Liga,1,2
361,2019-05-12,Betis,Huesca,https://fbref.com/en/matches/12723821/Real-Betis-Huesca-May-12-2019-La-Liga,2,1
362,2019-05-12,Atlético Madrid,Sevilla,https://fbref.com/en/matches/db18a228/Atletico-Madrid-Sevilla-May-12-2019-La-Liga,1,1
363,2019-05-12,Athletic Bilbao,Celta Vigo,https://fbref.com/en/matches/8d1b33a2/Athletic-Bilbao-Celta-Vigo-May-12-2019-La-Liga,3,1
364,2019-05-12,Valencia,Alavés,https://fbref.com/en/matches/5c432f6b/Valencia-Alaves-May-12-2019-La-Liga,3,1
365,2019-05-12,Leganés,Espanyol,https://fbref.com/en/matches/7011948c/Leganes-Espanyol-May-12-2019-La-Liga,0,2
366,2019-05-12,Rayo Vallecano,Valladolid,https://fbref.com/en/matches/bb6aa4f6/Rayo-Vallecano-Valladolid-May-12-2019-La-Liga,1,2
367,2019-05-12,Real Sociedad,Real Madrid,https://fbref.com/en/matches/fbbad07f/Real-Sociedad-Real-Madrid-May-12-2019-La-Liga,3,1
368,2019-05-12,Villarreal,Eibar,https://fbref.com/en/matches/5d2381d3/Villarreal-Eibar-May-12-2019-La-Liga,1,0
369,2019-05-12,Barcelona,Getafe,https://fbref.com/en/matches/13699801/Barcelona-Getafe-May-12-2019-La-Liga,2,0
370,2019-05-18,Levante,Atlético Madrid,https://fbref.com/en/matches/176e87ad/Levante-Atletico-Madrid-May-18-2019-La-Liga,2,2
371,2019-05-18,Getafe,Villarreal,https://fbref.com/en/matches/0048f798/Getafe-Villarreal-May-18-2019-La-Liga,2,2
372,2019-05-18,Valladolid,Valencia,https://fbref.com/en/matches/e45b0920/Valladolid-Valencia-May-18-2019-La-Liga,0,2
373,2019-05-18,Espanyol,Real Sociedad,https://fbref.com/en/matches/68a7f9a7/Espanyol-Real-Sociedad-May-18-2019-La-Liga,2,0
374,2019-05-18,Sevilla,Athletic Bilbao,https://fbref.com/en/matches/bc17882a/Sevilla-Athletic-Bilbao-May-18-2019-La-Liga,2,0
375,2019-05-18,Alavés,Girona,https://fbref.com/en/matches/db6b7fe8/Alaves-Girona-May-18-2019-La-Liga,2,1
376,2019-05-18,Celta Vigo,Rayo Vallecano,https://fbref.com/en/matches/b46448d6/Celta-Vigo-Rayo-Vallecano-May-18-2019-La-Liga,2,2
377,2019-05-18,Huesca,Leganés,https://fbref.com/en/matches/d1192314/Huesca-Leganes-May-18-2019-La-Liga,2,1
378,2019-05-19,Real Madrid,Betis,https://fbref.com/en/matches/df874c57/Real-Madrid-Real-Betis-May-19-2019-La-Liga,0,2
379,2019-05-19,Eibar,Barcelona,https://fbref.com/en/matches/a7b68aed/Eibar-Barcelona-May-19-2019-La-Liga,2,2
